episode,query_image,gt_label,pred_label,correct,score_n01930112,score_n01981276,score_n02099601,score_n02110063,score_n02110341,score_n02116738,score_n02129165,score_n02219486,score_n02443484,score_n02871525,score_n03127925,score_n03146219,score_n03544143,score_n03775546,score_n04146614,score_n04149813,score_n04418357,score_n04522168,score_n07613480
0,n0354414300000975.jpg,n03544143,n03544143,1,,718.2564697265625,,,,,,,913.044921875,,,661.5857543945312,633.174072265625,,,,,,651.55615234375
0,n0354414300000949.jpg,n03544143,n07613480,0,,824.1055908203125,,,,,,,930.402099609375,,,758.6375732421875,786.2249145507812,,,,,,750.5701293945312
0,n0354414300000123.jpg,n03544143,n07613480,0,,687.9533081054688,,,,,,,893.7067260742188,,,630.0008544921875,685.6142578125,,,,,,625.1655883789062
0,n0354414300001277.jpg,n03544143,n03544143,1,,647.4872436523438,,,,,,,760.2772827148438,,,781.8614501953125,556.820068359375,,,,,,586.2266845703125
0,n0354414300001002.jpg,n03544143,n07613480,0,,668.53857421875,,,,,,,803.1398315429688,,,857.7411499023438,716.181396484375,,,,,,576.566162109375
0,n0244348400000622.jpg,n02443484,n02443484,1,,633.8475952148438,,,,,,,611.521484375,,,797.6283569335938,672.1962890625,,,,,,665.2718505859375
0,n0244348400000458.jpg,n02443484,n02443484,1,,675.8697509765625,,,,,,,524.9244995117188,,,800.5977172851562,709.5416870117188,,,,,,704.211181640625
0,n0244348400000824.jpg,n02443484,n03544143,0,,881.0147094726562,,,,,,,629.6253662109375,,,986.7753295898438,619.1215209960938,,,,,,835.1285400390625
0,n0244348400000987.jpg,n02443484,n02443484,1,,668.5819091796875,,,,,,,457.63165283203125,,,890.9323120117188,685.80810546875,,,,,,667.4449462890625
0,n0244348400000256.jpg,n02443484,n02443484,1,,747.5146484375,,,,,,,419.2491149902344,,,1040.1015625,854.4572143554688,,,,,,814.5840454101562
0,n0314621900001127.jpg,n03146219,n03146219,1,,722.7214965820312,,,,,,,872.3194580078125,,,586.7521362304688,659.8889770507812,,,,,,615.6472778320312
0,n0314621900000294.jpg,n03146219,n01981276,0,,705.025634765625,,,,,,,875.0097045898438,,,706.07763671875,805.6077270507812,,,,,,711.8336791992188
0,n0314621900000711.jpg,n03146219,n03544143,0,,538.0279541015625,,,,,,,726.8307495117188,,,684.2428588867188,501.5037841796875,,,,,,522.1380615234375
0,n0314621900000126.jpg,n03146219,n03146219,1,,686.677001953125,,,,,,,819.2835693359375,,,494.86016845703125,575.9990234375,,,,,,700.751953125
0,n0314621900000089.jpg,n03146219,n01981276,0,,673.177490234375,,,,,,,799.9801635742188,,,828.8866577148438,673.6876220703125,,,,,,716.9596557617188
0,n0198127600000097.jpg,n01981276,n01981276,1,,445.3484802246094,,,,,,,783.4346313476562,,,802.3123779296875,640.9075317382812,,,,,,596.1694946289062
0,n0198127600000906.jpg,n01981276,n01981276,1,,600.6986694335938,,,,,,,878.3113403320312,,,1008.2808227539062,885.6307983398438,,,,,,794.3939819335938
0,n0198127600001156.jpg,n01981276,n01981276,1,,387.6393737792969,,,,,,,848.2630615234375,,,755.8916625976562,700.190185546875,,,,,,688.0148315429688
0,n0198127600001264.jpg,n01981276,n01981276,1,,501.3166809082031,,,,,,,903.4237060546875,,,870.3187866210938,893.6930541992188,,,,,,821.803466796875
0,n0198127600000591.jpg,n01981276,n01981276,1,,499.64947509765625,,,,,,,814.7620849609375,,,811.5091552734375,748.8543090820312,,,,,,696.5328979492188
0,n0761348000000684.jpg,n07613480,n07613480,1,,736.5330200195312,,,,,,,912.2394409179688,,,945.7225341796875,775.0164794921875,,,,,,516.1450805664062
0,n0761348000000622.jpg,n07613480,n07613480,1,,656.3265991210938,,,,,,,821.8004150390625,,,807.059814453125,679.1231689453125,,,,,,369.412841796875
0,n0761348000000064.jpg,n07613480,n07613480,1,,594.5521240234375,,,,,,,818.4293212890625,,,826.97509765625,667.676513671875,,,,,,365.3975524902344
0,n0761348000000954.jpg,n07613480,n07613480,1,,594.9517822265625,,,,,,,827.9815063476562,,,826.9126586914062,651.2166748046875,,,,,,439.601806640625
0,n0761348000000199.jpg,n07613480,n07613480,1,,659.7470703125,,,,,,,825.947021484375,,,871.9234619140625,732.5735473632812,,,,,,414.0500793457031
1,n0211673800000447.jpg,n02116738,n02116738,1,,707.6599731445312,,,,535.8712768554688,709.513427734375,868.69140625,,,,,,,,784.411376953125,,,
1,n0211673800000171.jpg,n02116738,n02116738,1,,860.8179321289062,,,,387.8770751953125,551.201171875,927.01416015625,,,,,,,,870.8187866210938,,,
1,n0211673800000905.jpg,n02116738,n02116738,1,,732.9773559570312,,,,466.1104431152344,554.9893188476562,793.0343627929688,,,,,,,,756.4563598632812,,,
1,n0211673800000770.jpg,n02116738,n02129165,0,,799.3865966796875,,,,442.1183776855469,426.99224853515625,873.7018432617188,,,,,,,,786.0188598632812,,,
1,n0211673800000299.jpg,n02116738,n02116738,1,,831.8821411132812,,,,341.000244140625,571.9996948242188,897.3699340820312,,,,,,,,866.6448364257812,,,
1,n0198127600001089.jpg,n01981276,n01981276,1,,400.7916259765625,,,,752.7344970703125,851.3027954101562,781.8295288085938,,,,,,,,793.052978515625,,,
1,n0198127600000907.jpg,n01981276,n01981276,1,,400.2525329589844,,,,694.7134399414062,826.7753295898438,838.3010864257812,,,,,,,,802.6373291015625,,,
1,n0198127600000402.jpg,n01981276,n01981276,1,,629.2459716796875,,,,711.6952514648438,814.559814453125,894.0855712890625,,,,,,,,630.573974609375,,,
1,n0198127600000998.jpg,n01981276,n01981276,1,,487.46728515625,,,,682.646240234375,762.7551879882812,750.4942626953125,,,,,,,,726.3753051757812,,,
1,n0198127600000137.jpg,n01981276,n01981276,1,,413.6492004394531,,,,694.1681518554688,792.2657470703125,787.9563598632812,,,,,,,,815.2374877929688,,,
1,n0212916500001088.jpg,n02129165,n02129165,1,,689.7473754882812,,,,442.47869873046875,383.8284912109375,785.1409912109375,,,,,,,,758.7042846679688,,,
1,n0212916500000886.jpg,n02129165,n02129165,1,,833.1740112304688,,,,437.0654296875,388.3524475097656,852.5384521484375,,,,,,,,927.1513671875,,,
1,n0212916500000371.jpg,n02129165,n02116738,0,,776.3434448242188,,,,524.60888671875,602.1412353515625,772.7857666015625,,,,,,,,843.7133178710938,,,
1,n0212916500000186.jpg,n02129165,n02129165,1,,776.2703857421875,,,,521.47119140625,407.3769226074219,804.676025390625,,,,,,,,761.2339477539062,,,
1,n0212916500000307.jpg,n02129165,n02116738,0,,782.1554565429688,,,,557.1840209960938,614.4660034179688,834.5264892578125,,,,,,,,902.9285278320312,,,
1,n0221948600001018.jpg,n02219486,n02219486,1,,800.6668701171875,,,,787.4701538085938,802.10888671875,738.0497436523438,,,,,,,,957.3059692382812,,,
1,n0221948600000878.jpg,n02219486,n02219486,1,,941.9622802734375,,,,988.3103637695312,1108.7076416015625,817.9609985351562,,,,,,,,1178.915283203125,,,
1,n0221948600000367.jpg,n02219486,n02129165,0,,870.1175537109375,,,,799.0249633789062,771.7474975585938,802.3336181640625,,,,,,,,994.4816284179688,,,
1,n0221948600000635.jpg,n02219486,n02116738,0,,888.5298461914062,,,,823.6127319335938,915.2646484375,836.5315551757812,,,,,,,,898.920654296875,,,
1,n0221948600000931.jpg,n02219486,n02219486,1,,813.4671630859375,,,,781.3057861328125,882.1781616210938,680.31103515625,,,,,,,,997.2120971679688,,,
1,n0414981300000330.jpg,n04149813,n04149813,1,,882.8842163085938,,,,939.2291870117188,1002.5211181640625,1123.299072265625,,,,,,,,611.4815673828125,,,
1,n0414981300000189.jpg,n04149813,n04149813,1,,824.1502075195312,,,,878.2391357421875,988.1243896484375,1050.9705810546875,,,,,,,,552.4649658203125,,,
1,n0414981300000855.jpg,n04149813,n04149813,1,,725.8192138671875,,,,761.7730102539062,846.1399536132812,857.0398559570312,,,,,,,,541.166748046875,,,
1,n0414981300000866.jpg,n04149813,n04149813,1,,824.2555541992188,,,,829.661865234375,908.7901000976562,986.7200927734375,,,,,,,,552.4796752929688,,,
1,n0414981300000160.jpg,n04149813,n04149813,1,,982.9867553710938,,,,950.335693359375,1036.5311279296875,1083.51708984375,,,,,,,,742.256591796875,,,
2,n0198127600000368.jpg,n01981276,n01981276,1,,469.04827880859375,,,,,,,,653.7018432617188,729.0208740234375,,,,,,743.998291015625,700.6458129882812,
2,n0198127600000045.jpg,n01981276,n01981276,1,,632.8739013671875,,,,,,,,793.9454956054688,839.7702026367188,,,,,,904.228271484375,704.5498046875,
2,n0198127600001274.jpg,n01981276,n01981276,1,,612.9534301757812,,,,,,,,876.7135620117188,827.0931396484375,,,,,,846.34033203125,793.4944458007812,
2,n0198127600000284.jpg,n01981276,n01981276,1,,551.8807373046875,,,,,,,,716.97216796875,776.4940795898438,,,,,,847.8558349609375,690.26220703125,
2,n0198127600000579.jpg,n01981276,n01981276,1,,471.1012268066406,,,,,,,,703.65625,717.4259643554688,,,,,,784.3079223632812,750.4520263671875,
2,n0312792500000388.jpg,n03127925,n03127925,1,,648.9182739257812,,,,,,,,743.5546875,512.1425170898438,,,,,,870.4332885742188,746.6480712890625,
2,n0312792500000090.jpg,n03127925,n03127925,1,,633.6503295898438,,,,,,,,645.3401489257812,628.5953369140625,,,,,,674.3085327148438,736.2985229492188,
2,n0312792500001058.jpg,n03127925,n03127925,1,,563.5426635742188,,,,,,,,648.6236572265625,463.6343994140625,,,,,,687.6870727539062,694.595703125,
2,n0312792500000373.jpg,n03127925,n01981276,0,,590.9901733398438,,,,,,,,703.5187377929688,751.0238647460938,,,,,,806.9073486328125,659.4265747070312,
2,n0312792500001098.jpg,n03127925,n03127925,1,,562.709716796875,,,,,,,,650.744873046875,365.9034118652344,,,,,,830.8402709960938,801.613037109375,
2,n0287152500000554.jpg,n02871525,n02871525,1,,711.2678833007812,,,,,,,,475.5606689453125,867.5097045898438,,,,,,772.215576171875,827.2537841796875,
2,n0287152500000563.jpg,n02871525,n02871525,1,,617.9307250976562,,,,,,,,462.0439758300781,774.350830078125,,,,,,710.937744140625,712.6861572265625,
2,n0287152500001000.jpg,n02871525,n02871525,1,,608.1829833984375,,,,,,,,459.1150207519531,782.9654541015625,,,,,,741.621337890625,726.4369506835938,
2,n0287152500001281.jpg,n02871525,n02871525,1,,549.125,,,,,,,,483.49365234375,727.567626953125,,,,,,713.4912719726562,622.2415161132812,
2,n0287152500000551.jpg,n02871525,n01981276,0,,473.0016784667969,,,,,,,,544.392822265625,695.5076904296875,,,,,,686.39111328125,727.0921630859375,
2,n0452216800000989.jpg,n04522168,n01981276,0,,725.9228515625,,,,,,,,823.6922607421875,842.80322265625,,,,,,821.5691528320312,785.3106079101562,
2,n0452216800000122.jpg,n04522168,n04522168,1,,720.7259521484375,,,,,,,,796.1558837890625,787.1052856445312,,,,,,812.0205688476562,447.5477294921875,
2,n0452216800000940.jpg,n04522168,n04522168,1,,559.03955078125,,,,,,,,632.0883178710938,633.280517578125,,,,,,699.0771484375,558.390380859375,
2,n0452216800000138.jpg,n04522168,n04522168,1,,639.5064086914062,,,,,,,,716.2381591796875,749.6519775390625,,,,,,749.695556640625,435.0370788574219,
2,n0452216800000914.jpg,n04522168,n04522168,1,,677.7289428710938,,,,,,,,701.7606811523438,759.8118896484375,,,,,,753.1197509765625,533.04931640625,
2,n0441835700001261.jpg,n04418357,n04418357,1,,644.2720336914062,,,,,,,,695.8905639648438,724.5821533203125,,,,,,610.9385375976562,803.4692993164062,
2,n0441835700000182.jpg,n04418357,n04418357,1,,807.5794677734375,,,,,,,,714.6580810546875,889.223388671875,,,,,,576.438720703125,871.65771484375,
2,n0441835700000528.jpg,n04418357,n04418357,1,,696.4065551757812,,,,,,,,695.3295288085938,843.632080078125,,,,,,581.4087524414062,761.54736328125,
2,n0441835700000590.jpg,n04418357,n04418357,1,,711.94091796875,,,,,,,,695.5501098632812,876.8167724609375,,,,,,673.2012329101562,783.8629760742188,
2,n0441835700000858.jpg,n04418357,n04418357,1,,908.2861328125,,,,,,,,798.195556640625,954.25439453125,,,,,,585.64501953125,980.1171264648438,
3,n0198127600000351.jpg,n01981276,n01981276,1,,493.0970764160156,,,,,789.8909301757812,,,634.527099609375,,,,,,,786.1290893554688,,687.0545654296875
3,n0198127600001178.jpg,n01981276,n01981276,1,,583.0660400390625,,,,,735.4054565429688,,,636.0651245117188,,,,,,,740.8654174804688,,644.6607666015625
3,n0198127600000611.jpg,n01981276,n01981276,1,,508.0771179199219,,,,,793.6437377929688,,,682.9002075195312,,,,,,,767.7478637695312,,546.7374267578125
3,n0198127600000652.jpg,n01981276,n01981276,1,,575.3392944335938,,,,,767.73095703125,,,823.4217529296875,,,,,,,796.9363403320312,,729.2697143554688
3,n0198127600000993.jpg,n01981276,n01981276,1,,603.359619140625,,,,,922.6983642578125,,,875.3218994140625,,,,,,,884.9869995117188,,831.8386840820312
3,n0761348000000139.jpg,n07613480,n07613480,1,,756.3479614257812,,,,,925.1719970703125,,,757.0794677734375,,,,,,,773.2377319335938,,558.7500610351562
3,n0761348000000566.jpg,n07613480,n07613480,1,,673.9973754882812,,,,,874.1787109375,,,736.141357421875,,,,,,,802.201171875,,471.2615051269531
3,n0761348000001019.jpg,n07613480,n07613480,1,,657.8148803710938,,,,,835.9229736328125,,,658.6907958984375,,,,,,,626.0802001953125,,443.53936767578125
3,n0761348000000114.jpg,n07613480,n07613480,1,,692.6400146484375,,,,,896.720703125,,,698.2175903320312,,,,,,,725.4786987304688,,438.9051818847656
3,n0761348000000936.jpg,n07613480,n07613480,1,,689.522216796875,,,,,842.4346923828125,,,831.65234375,,,,,,,797.8889770507812,,569.1453857421875
3,n0441835700000653.jpg,n04418357,n04418357,1,,968.5073852539062,,,,,1141.6641845703125,,,899.0020751953125,,,,,,,552.3973999023438,,822.7200927734375
3,n0441835700000240.jpg,n04418357,n04418357,1,,723.1730346679688,,,,,846.471435546875,,,789.4220581054688,,,,,,,699.6195678710938,,774.465087890625
3,n0441835700001011.jpg,n04418357,n04418357,1,,815.4149169921875,,,,,938.4196166992188,,,743.437255859375,,,,,,,517.697509765625,,755.7798461914062
3,n0441835700000365.jpg,n04418357,n04418357,1,,923.026123046875,,,,,1034.7618408203125,,,736.7589111328125,,,,,,,454.41363525390625,,768.8416137695312
3,n0441835700000895.jpg,n04418357,n04418357,1,,805.4781494140625,,,,,913.0934448242188,,,778.375244140625,,,,,,,455.8633117675781,,700.1087646484375
3,n0212916500000396.jpg,n02129165,n02129165,1,,813.7482299804688,,,,,420.2283630371094,,,838.2084350585938,,,,,,,954.56884765625,,832.7626953125
3,n0212916500000935.jpg,n02129165,n02129165,1,,773.0100708007812,,,,,559.0478515625,,,860.1541748046875,,,,,,,969.2536010742188,,899.540283203125
3,n0212916500000828.jpg,n02129165,n02129165,1,,918.1087036132812,,,,,817.9149780273438,,,923.2666015625,,,,,,,893.2557373046875,,915.0299072265625
3,n0212916500000868.jpg,n02129165,n02129165,1,,753.069580078125,,,,,614.6371459960938,,,761.5487670898438,,,,,,,778.5647583007812,,773.6414794921875
3,n0212916500000645.jpg,n02129165,n02129165,1,,774.400634765625,,,,,549.154296875,,,836.9273071289062,,,,,,,936.7907104492188,,853.0751342773438
3,n0287152500000050.jpg,n02871525,n02871525,1,,611.9920654296875,,,,,773.76953125,,,464.4940185546875,,,,,,,627.4470825195312,,607.0650024414062
3,n0287152500001007.jpg,n02871525,n02871525,1,,689.5863037109375,,,,,889.0489501953125,,,265.6017761230469,,,,,,,613.759033203125,,753.7137451171875
3,n0287152500000961.jpg,n02871525,n02871525,1,,655.3750610351562,,,,,839.020751953125,,,502.5331115722656,,,,,,,670.026611328125,,677.9698486328125
3,n0287152500000105.jpg,n02871525,n02871525,1,,907.949951171875,,,,,1133.4739990234375,,,418.958740234375,,,,,,,819.4666137695312,,907.891845703125
3,n0287152500000559.jpg,n02871525,n02871525,1,,683.614990234375,,,,,819.7520751953125,,,468.1893005371094,,,,,,,695.3901977539062,,687.5410766601562
4,n0414661400000760.jpg,n04146614,n04146614,1,,790.1215209960938,,881.3619384765625,,,,,,,792.4069213867188,755.9181518554688,,,492.03155517578125,,,,
4,n0414661400000580.jpg,n04146614,n04146614,1,,771.80078125,,728.0022583007812,,,,,,,823.114013671875,717.9699096679688,,,333.8422546386719,,,,
4,n0414661400000801.jpg,n04146614,n04146614,1,,645.615234375,,697.0597534179688,,,,,,,716.7565307617188,628.6781005859375,,,344.4635009765625,,,,
4,n0414661400000405.jpg,n04146614,n04146614,1,,774.9822998046875,,803.7484130859375,,,,,,,662.2778930664062,641.6834716796875,,,327.224609375,,,,
4,n0414661400000742.jpg,n04146614,n04146614,1,,818.6088256835938,,675.576171875,,,,,,,713.9683837890625,703.1572875976562,,,367.87481689453125,,,,
4,n0314621900000607.jpg,n03146219,n03146219,1,,694.3603515625,,811.5671997070312,,,,,,,853.4212036132812,663.516845703125,,,741.044677734375,,,,
4,n0314621900000635.jpg,n03146219,n03146219,1,,742.650634765625,,843.7313842773438,,,,,,,676.8321533203125,394.5513000488281,,,674.1399536132812,,,,
4,n0314621900001010.jpg,n03146219,n03146219,1,,721.8057861328125,,865.93994140625,,,,,,,835.5048217773438,605.7107543945312,,,770.995849609375,,,,
4,n0314621900000089.jpg,n03146219,n01981276,0,,704.2398681640625,,863.5167236328125,,,,,,,863.5919189453125,792.1591186523438,,,754.805419921875,,,,
4,n0314621900000368.jpg,n03146219,n01981276,0,,606.0836791992188,,807.4876708984375,,,,,,,859.9786376953125,616.8596801757812,,,679.9834594726562,,,,
4,n0211006300000735.jpg,n02110063,n04146614,0,,827.1566772460938,,765.0889282226562,,,,,,,894.2962646484375,746.7244262695312,,,688.2937622070312,,,,
4,n0211006300001034.jpg,n02110063,n04146614,0,,676.52294921875,,657.8719482421875,,,,,,,720.033203125,683.9022216796875,,,565.7828979492188,,,,
4,n0211006300000348.jpg,n02110063,n04146614,0,,850.4995727539062,,661.6410522460938,,,,,,,850.1970825195312,772.9793090820312,,,660.6021728515625,,,,
4,n0211006300000625.jpg,n02110063,n02110063,1,,828.8004760742188,,758.11767578125,,,,,,,970.2301635742188,813.9772338867188,,,831.4862060546875,,,,
4,n0211006300000705.jpg,n02110063,n04146614,0,,788.1839599609375,,852.4244384765625,,,,,,,960.573974609375,797.1624145507812,,,736.53955078125,,,,
4,n0198127600000011.jpg,n01981276,n01981276,1,,510.45037841796875,,931.140625,,,,,,,986.8320922851562,820.951171875,,,808.9425659179688,,,,
4,n0198127600001165.jpg,n01981276,n04146614,0,,696.37255859375,,702.856201171875,,,,,,,822.6332397460938,696.2657470703125,,,571.8367309570312,,,,
4,n0198127600000029.jpg,n01981276,n01981276,1,,519.66943359375,,972.541015625,,,,,,,927.9852905273438,791.513671875,,,805.4157104492188,,,,
4,n0198127600000376.jpg,n01981276,n01981276,1,,420.2666931152344,,893.0203857421875,,,,,,,893.7489624023438,715.6065063476562,,,732.75439453125,,,,
4,n0198127600001081.jpg,n01981276,n01981276,1,,608.8099365234375,,1179.3519287109375,,,,,,,1061.565673828125,920.5864868164062,,,995.8519287109375,,,,
4,n0312792500000848.jpg,n03127925,n03127925,1,,697.0911865234375,,723.93505859375,,,,,,,524.5579223632812,621.6732177734375,,,531.3195190429688,,,,
4,n0312792500000373.jpg,n03127925,n04146614,0,,709.9674072265625,,811.4503173828125,,,,,,,717.3477783203125,709.9134521484375,,,660.9187622070312,,,,
4,n0312792500000858.jpg,n03127925,n04146614,0,,816.2894897460938,,616.9246215820312,,,,,,,739.4588623046875,724.3216552734375,,,612.1339111328125,,,,
4,n0312792500000331.jpg,n03127925,n03127925,1,,753.6466674804688,,768.5279541015625,,,,,,,463.0994873046875,637.4468383789062,,,609.0484008789062,,,,
4,n0312792500000176.jpg,n03127925,n03127925,1,,854.2258911132812,,799.9788208007812,,,,,,,359.87310791015625,631.8392333984375,,,618.8451538085938,,,,
5,n0761348000000388.jpg,n07613480,n07613480,1,,723.31005859375,,,,717.1092529296875,,,,,,631.2591552734375,,,,,627.2725830078125,,427.2384338378906
5,n0761348000000691.jpg,n07613480,n07613480,1,,786.6360473632812,,,,862.9654541015625,,,,,,773.4456176757812,,,,,721.0027465820312,,436.73046875
5,n0761348000000683.jpg,n07613480,n07613480,1,,765.2284545898438,,,,750.1058959960938,,,,,,704.4560546875,,,,,696.9486083984375,,356.0145263671875
5,n0761348000000582.jpg,n07613480,n07613480,1,,760.0988159179688,,,,827.2137451171875,,,,,,691.6854248046875,,,,,674.751708984375,,475.4443054199219
5,n0761348000001088.jpg,n07613480,n07613480,1,,596.639404296875,,,,736.19091796875,,,,,,661.9027099609375,,,,,616.2244262695312,,446.5723876953125
5,n0314621900000379.jpg,n03146219,n03146219,1,,642.6533813476562,,,,717.072265625,,,,,,540.5763549804688,,,,,632.6427001953125,,712.6643676757812
5,n0314621900000673.jpg,n03146219,n03146219,1,,720.9744873046875,,,,811.5748901367188,,,,,,673.8392333984375,,,,,697.913818359375,,784.7518310546875
5,n0314621900000816.jpg,n03146219,n03146219,1,,636.9714965820312,,,,696.3095703125,,,,,,470.76727294921875,,,,,630.5014038085938,,669.1221313476562
5,n0314621900001201.jpg,n03146219,n03146219,1,,695.326904296875,,,,715.7989501953125,,,,,,661.6515502929688,,,,,708.8938598632812,,745.0965576171875
5,n0314621900000332.jpg,n03146219,n03146219,1,,607.5602416992188,,,,689.4164428710938,,,,,,430.7008056640625,,,,,623.672119140625,,663.4829711914062
5,n0441835700000356.jpg,n04418357,n04418357,1,,810.034423828125,,,,924.6199340820312,,,,,,820.4270629882812,,,,,675.66064453125,,778.7353515625
5,n0441835700001227.jpg,n04418357,n04418357,1,,1029.163818359375,,,,1114.978271484375,,,,,,1002.7265625,,,,,733.135986328125,,969.2862548828125
5,n0441835700000515.jpg,n04418357,n04418357,1,,721.2442016601562,,,,893.8765258789062,,,,,,775.4044189453125,,,,,630.964111328125,,741.5669555664062
5,n0441835700000043.jpg,n04418357,n04418357,1,,796.6009521484375,,,,917.30517578125,,,,,,774.8403930664062,,,,,710.1787109375,,727.5989990234375
5,n0441835700000167.jpg,n04418357,n04418357,1,,851.9869995117188,,,,843.408447265625,,,,,,766.2230224609375,,,,,650.2476806640625,,787.1591186523438
5,n0211673800000431.jpg,n02116738,n02116738,1,,707.6663208007812,,,,416.9768981933594,,,,,,761.5061645507812,,,,,702.3869018554688,,784.1285400390625
5,n0211673800000638.jpg,n02116738,n02116738,1,,788.0778198242188,,,,556.8533935546875,,,,,,789.0116577148438,,,,,756.9735107421875,,866.0502319335938
5,n0211673800001159.jpg,n02116738,n02116738,1,,626.7147827148438,,,,405.3088073730469,,,,,,710.5127563476562,,,,,707.307861328125,,666.8905639648438
5,n0211673800000703.jpg,n02116738,n02116738,1,,709.5910034179688,,,,517.664794921875,,,,,,719.8050537109375,,,,,750.40576171875,,809.5669555664062
5,n0211673800000291.jpg,n02116738,n02116738,1,,726.7079467773438,,,,481.44000244140625,,,,,,811.4942016601562,,,,,692.09814453125,,840.488037109375
5,n0198127600000972.jpg,n01981276,n01981276,1,,732.9932861328125,,,,841.9230346679688,,,,,,817.28125,,,,,788.4690551757812,,791.6510009765625
5,n0198127600000135.jpg,n01981276,n01981276,1,,612.30029296875,,,,679.4205322265625,,,,,,704.7979736328125,,,,,675.1943969726562,,780.3269653320312
5,n0198127600000956.jpg,n01981276,n01981276,1,,531.3623657226562,,,,673.1660766601562,,,,,,674.5020141601562,,,,,654.7278442382812,,688.3820190429688
5,n0198127600000495.jpg,n01981276,n07613480,0,,605.6197509765625,,,,808.8057250976562,,,,,,690.3052368164062,,,,,651.4991455078125,,461.53448486328125
5,n0198127600001145.jpg,n01981276,n01981276,1,,539.2098388671875,,,,692.438232421875,,,,,,733.0184326171875,,,,,703.6594848632812,,671.8171997070312
6,n0209960100000335.jpg,n02099601,n02099601,1,801.3408813476562,647.2503662109375,501.25738525390625,,,,,,,,,,,,680.2938232421875,,983.5250244140625,,
6,n0209960100000761.jpg,n02099601,n02099601,1,818.1587524414062,730.5049438476562,540.0797729492188,,,,,,,,,,,,748.8378295898438,,1043.256103515625,,
6,n0209960100000055.jpg,n02099601,n02099601,1,790.3684692382812,680.122802734375,620.4404296875,,,,,,,,,,,,715.80810546875,,962.8600463867188,,
6,n0209960100000239.jpg,n02099601,n02099601,1,980.6695556640625,976.7613525390625,412.1693115234375,,,,,,,,,,,,910.347412109375,,1160.627685546875,,
6,n0209960100000940.jpg,n02099601,n02099601,1,777.6670532226562,763.5993041992188,587.191162109375,,,,,,,,,,,,767.9343872070312,,1051.4898681640625,,
6,n0414661400000560.jpg,n04146614,n04146614,1,840.108642578125,643.3283081054688,726.4089965820312,,,,,,,,,,,,315.3712463378906,,934.5899658203125,,
6,n0414661400000641.jpg,n04146614,n04146614,1,881.3234252929688,750.7918090820312,775.02587890625,,,,,,,,,,,,437.8114318847656,,931.2494506835938,,
6,n0414661400001203.jpg,n04146614,n04146614,1,867.1072387695312,725.0166625976562,791.4085083007812,,,,,,,,,,,,409.65521240234375,,1005.7471923828125,,
6,n0414661400000016.jpg,n04146614,n04146614,1,788.7454223632812,744.4901123046875,777.875,,,,,,,,,,,,413.8373718261719,,946.4150390625,,
6,n0414661400000644.jpg,n04146614,n04146614,1,840.48583984375,661.8651733398438,776.0167236328125,,,,,,,,,,,,306.5341796875,,895.2147216796875,,
6,n0441835700000836.jpg,n04418357,n04418357,1,917.9173583984375,882.3499145507812,989.1940307617188,,,,,,,,,,,,824.6529541015625,,291.2508544921875,,
6,n0441835700001220.jpg,n04418357,n04418357,1,819.44091796875,870.486328125,982.2116088867188,,,,,,,,,,,,820.8804321289062,,503.5501708984375,,
6,n0441835700000133.jpg,n04418357,n04418357,1,901.2861328125,840.2138061523438,1022.2672119140625,,,,,,,,,,,,871.9466552734375,,715.6941528320312,,
6,n0441835700000355.jpg,n04418357,n04418357,1,842.966796875,806.45947265625,891.811767578125,,,,,,,,,,,,770.3084716796875,,445.893310546875,,
6,n0441835700000604.jpg,n04418357,n04418357,1,1008.9664916992188,937.822021484375,1104.73828125,,,,,,,,,,,,1030.603271484375,,674.0174560546875,,
6,n0198127600000926.jpg,n01981276,n01981276,1,808.5061645507812,585.8405151367188,875.7896728515625,,,,,,,,,,,,821.4119873046875,,1087.002197265625,,
6,n0198127600000964.jpg,n01981276,n01981276,1,817.8175048828125,367.01409912109375,800.6398315429688,,,,,,,,,,,,688.3104858398438,,973.8429565429688,,
6,n0198127600001055.jpg,n01981276,n01981276,1,823.2511596679688,637.0759887695312,934.1256713867188,,,,,,,,,,,,841.8365478515625,,1048.8155517578125,,
6,n0198127600001115.jpg,n01981276,n01981276,1,764.2593383789062,339.3017883300781,721.3233032226562,,,,,,,,,,,,579.0823974609375,,900.7264404296875,,
6,n0198127600000125.jpg,n01981276,n01981276,1,786.1478271484375,652.0147705078125,930.8699951171875,,,,,,,,,,,,853.6619262695312,,1097.5350341796875,,
6,n0193011200000095.jpg,n01930112,n01930112,1,482.6679992675781,703.6738891601562,844.309326171875,,,,,,,,,,,,856.2308349609375,,911.0974731445312,,
6,n0193011200001184.jpg,n01930112,n01930112,1,603.956787109375,885.3577270507812,938.2047729492188,,,,,,,,,,,,836.7039184570312,,1000.3504638671875,,
6,n0193011200000371.jpg,n01930112,n01930112,1,432.55548095703125,854.1307373046875,886.7911376953125,,,,,,,,,,,,892.784423828125,,1042.6280517578125,,
6,n0193011200000156.jpg,n01930112,n01930112,1,394.0558166503906,890.713134765625,956.7095947265625,,,,,,,,,,,,897.2403564453125,,1105.4854736328125,,
6,n0193011200000495.jpg,n01930112,n01930112,1,627.5894775390625,810.9579467773438,942.9253540039062,,,,,,,,,,,,807.1548461914062,,1001.317138671875,,
7,n0452216800001090.jpg,n04522168,n04522168,1,,,,,760.762451171875,,,,779.3928833007812,804.4009399414062,,,,,,,742.1139526367188,616.2152709960938,
7,n0452216800000179.jpg,n04522168,n04522168,1,,,,,773.9522705078125,,,,862.7380981445312,772.3910522460938,,,,,,,794.840576171875,475.43212890625,
7,n0452216800000943.jpg,n04522168,n04418357,0,,,,,724.948486328125,,,,712.52099609375,743.6492309570312,,,,,,,668.2813110351562,670.6572265625,
7,n0452216800000811.jpg,n04522168,n04522168,1,,,,,563.8453369140625,,,,716.4791259765625,630.1504516601562,,,,,,,684.9818115234375,450.7190246582031,
7,n0452216800000138.jpg,n04522168,n04522168,1,,,,,710.9500732421875,,,,763.6653442382812,714.4634399414062,,,,,,,651.6392822265625,383.4754333496094,
7,n0287152500001203.jpg,n02871525,n02871525,1,,,,,729.9890747070312,,,,751.3043212890625,236.1885986328125,,,,,,,629.3338623046875,648.3379516601562,
7,n0287152500000224.jpg,n02871525,n02871525,1,,,,,728.887939453125,,,,804.6997680664062,259.5351867675781,,,,,,,577.9542236328125,613.8667602539062,
7,n0287152500000580.jpg,n02871525,n02871525,1,,,,,812.7991333007812,,,,866.7035522460938,239.43756103515625,,,,,,,680.0696411132812,668.6357421875,
7,n0287152500000620.jpg,n02871525,n04418357,0,,,,,665.49951171875,,,,831.4584350585938,585.6634521484375,,,,,,,562.7388305664062,674.1506958007812,
7,n0287152500001038.jpg,n02871525,n02871525,1,,,,,736.484375,,,,869.16845703125,280.02362060546875,,,,,,,572.7230834960938,633.9819946289062,
7,n0211034100001027.jpg,n02110341,n02110341,1,,,,,503.842041015625,,,,666.9715576171875,741.0392456054688,,,,,,,740.3419799804688,613.6656494140625,
7,n0211034100000330.jpg,n02110341,n02110341,1,,,,,659.8897094726562,,,,822.3634033203125,954.3345336914062,,,,,,,949.7794189453125,781.9069213867188,
7,n0211034100001066.jpg,n02110341,n02110341,1,,,,,590.5787963867188,,,,859.754638671875,994.5401611328125,,,,,,,1006.9677734375,829.4734497070312,
7,n0211034100000603.jpg,n02110341,n02443484,0,,,,,614.4898681640625,,,,555.59326171875,766.583740234375,,,,,,,797.4595947265625,648.3170776367188,
7,n0211034100000382.jpg,n02110341,n02110341,1,,,,,607.6673583984375,,,,791.9224853515625,830.341552734375,,,,,,,819.2900390625,685.3079223632812,
7,n0441835700000494.jpg,n04418357,n04418357,1,,,,,785.0235595703125,,,,838.8867797851562,752.38818359375,,,,,,,616.6939086914062,752.4556274414062,
7,n0441835700000344.jpg,n04418357,n04418357,1,,,,,1030.5576171875,,,,1004.6904907226562,1000.4264526367188,,,,,,,624.0902099609375,927.2606811523438,
7,n0441835700000735.jpg,n04418357,n04418357,1,,,,,735.1393432617188,,,,842.7172241210938,693.181396484375,,,,,,,529.6104125976562,750.8943481445312,
7,n0441835700001087.jpg,n04418357,n04418357,1,,,,,709.5263061523438,,,,833.9905395507812,667.3936767578125,,,,,,,537.918212890625,732.2569580078125,
7,n0441835700001175.jpg,n04418357,n04418357,1,,,,,888.9883422851562,,,,929.6984252929688,762.1626586914062,,,,,,,390.28509521484375,844.0729370117188,
7,n0244348400000578.jpg,n02443484,n02443484,1,,,,,771.3048095703125,,,,690.549072265625,946.3822631835938,,,,,,,914.7530517578125,821.353271484375,
7,n0244348400001116.jpg,n02443484,n02443484,1,,,,,725.6107177734375,,,,478.4800720214844,776.067626953125,,,,,,,783.83984375,729.7689819335938,
7,n0244348400000825.jpg,n02443484,n02443484,1,,,,,722.8734741210938,,,,429.1124572753906,830.7256469726562,,,,,,,779.2241821289062,707.305419921875,
7,n0244348400000671.jpg,n02443484,n02443484,1,,,,,769.2158203125,,,,425.83807373046875,885.6666259765625,,,,,,,818.4151000976562,783.5242919921875,
7,n0244348400001247.jpg,n02443484,n02443484,1,,,,,722.36474609375,,,,498.94891357421875,746.4485473632812,,,,,,,750.1599731445312,702.0521850585938,
8,n0441835700001171.jpg,n04418357,n04149813,0,,,844.21533203125,,,,,,,,,,639.8377075195312,,,494.3794250488281,568.8049926757812,,611.61328125
8,n0441835700000223.jpg,n04418357,n04418357,1,,,860.7192993164062,,,,,,,,,,722.9877319335938,,,681.1444702148438,424.2830505371094,,618.6886596679688
8,n0441835700000380.jpg,n04418357,n04418357,1,,,907.6174926757812,,,,,,,,,,684.8544921875,,,681.2460327148438,494.63494873046875,,646.8002319335938
8,n0441835700000371.jpg,n04418357,n04418357,1,,,963.6777954101562,,,,,,,,,,767.7446899414062,,,696.2449951171875,497.4256591796875,,730.393798828125
8,n0441835700000163.jpg,n04418357,n04418357,1,,,900.989013671875,,,,,,,,,,815.4810791015625,,,691.4649047851562,467.1062927246094,,695.445556640625
8,n0761348000000159.jpg,n07613480,n03544143,0,,,799.7429809570312,,,,,,,,,,623.516845703125,,,758.211181640625,886.8081665039062,,635.3458862304688
8,n0761348000000577.jpg,n07613480,n03544143,0,,,956.4954833984375,,,,,,,,,,689.4817504882812,,,871.5269165039062,999.5966796875,,764.175048828125
8,n0761348000000716.jpg,n07613480,n07613480,1,,,680.94140625,,,,,,,,,,593.537841796875,,,754.390625,897.96728515625,,472.21868896484375
8,n0761348000000199.jpg,n07613480,n07613480,1,,,749.634765625,,,,,,,,,,608.6668701171875,,,768.354248046875,856.4310913085938,,607.2227783203125
8,n0761348000000198.jpg,n07613480,n07613480,1,,,733.93115234375,,,,,,,,,,529.2115478515625,,,681.6631469726562,912.6915283203125,,524.4186401367188
8,n0209960100000217.jpg,n02099601,n02099601,1,,,652.7185668945312,,,,,,,,,,777.7675170898438,,,815.5944213867188,1072.2413330078125,,781.7822265625
8,n0209960100000071.jpg,n02099601,n07613480,0,,,517.7734375,,,,,,,,,,644.3623046875,,,573.4133911132812,868.2423706054688,,454.1470031738281
8,n0209960100001063.jpg,n02099601,n02099601,1,,,528.1783447265625,,,,,,,,,,731.3543701171875,,,781.287841796875,974.3171997070312,,772.391845703125
8,n0209960100000641.jpg,n02099601,n02099601,1,,,458.35406494140625,,,,,,,,,,810.96044921875,,,830.7762451171875,1033.4697265625,,728.6996459960938
8,n0209960100000757.jpg,n02099601,n02099601,1,,,515.0578002929688,,,,,,,,,,824.3572998046875,,,864.351318359375,1097.297119140625,,877.4290771484375
8,n0414981300001089.jpg,n04149813,n04149813,1,,,853.4442749023438,,,,,,,,,,705.2941284179688,,,681.923095703125,841.9581298828125,,722.484130859375
8,n0414981300001019.jpg,n04149813,n04149813,1,,,993.580322265625,,,,,,,,,,855.7740478515625,,,585.2396850585938,903.3126220703125,,774.3408813476562
8,n0414981300000649.jpg,n04149813,n04149813,1,,,825.3265380859375,,,,,,,,,,721.0908203125,,,431.3887023925781,740.1575317382812,,705.1046752929688
8,n0414981300001275.jpg,n04149813,n04149813,1,,,1015.5855102539062,,,,,,,,,,826.5914916992188,,,620.5215454101562,854.578125,,832.60302734375
8,n0414981300001111.jpg,n04149813,n03544143,0,,,807.0524291992188,,,,,,,,,,568.0764770507812,,,595.8912353515625,660.793701171875,,664.2561645507812
8,n0354414300001250.jpg,n03544143,n03544143,1,,,813.7288208007812,,,,,,,,,,482.6431884765625,,,685.276123046875,853.8737182617188,,612.5774536132812
8,n0354414300000865.jpg,n03544143,n03544143,1,,,750.0640258789062,,,,,,,,,,374.95745849609375,,,710.9192504882812,755.2040405273438,,523.6387329101562
8,n0354414300000313.jpg,n03544143,n03544143,1,,,660.609619140625,,,,,,,,,,336.60479736328125,,,692.0045166015625,815.8825073242188,,502.62017822265625
8,n0354414300000297.jpg,n03544143,n03544143,1,,,717.0407104492188,,,,,,,,,,303.9551696777344,,,641.66455078125,841.1487426757812,,527.3790893554688
8,n0354414300000327.jpg,n03544143,n03544143,1,,,754.846435546875,,,,,,,,,,355.9436950683594,,,737.1278076171875,911.001953125,,611.9064331054688
9,n0244348400001090.jpg,n02443484,n02443484,1,,680.5137939453125,,,,,,,628.9976196289062,,,,,818.779052734375,,889.673583984375,,,801.7964477539062
9,n0244348400001195.jpg,n02443484,n02443484,1,,699.7672729492188,,,,,,,558.7625732421875,,,,,752.7972412109375,,841.4359741210938,,,766.1898193359375
9,n0244348400001080.jpg,n02443484,n02443484,1,,764.537109375,,,,,,,635.7003173828125,,,,,765.1810302734375,,860.4915771484375,,,751.876953125
9,n0244348400000870.jpg,n02443484,n03775546,0,,806.7643432617188,,,,,,,678.7076416015625,,,,,658.2610473632812,,917.9906005859375,,,794.621826171875
9,n0244348400001031.jpg,n02443484,n02443484,1,,553.538818359375,,,,,,,501.2923278808594,,,,,794.2967529296875,,873.8135986328125,,,767.4828491210938
9,n0414981300001006.jpg,n04149813,n04149813,1,,699.933837890625,,,,,,,678.8515014648438,,,,,851.4393920898438,,608.7794189453125,,,800.5051879882812
9,n0414981300001002.jpg,n04149813,n02443484,0,,684.884521484375,,,,,,,595.834716796875,,,,,806.2274780273438,,713.9137573242188,,,756.5064086914062
9,n0414981300000834.jpg,n04149813,n02443484,0,,877.5669555664062,,,,,,,759.4422607421875,,,,,986.4539794921875,,818.6146850585938,,,925.4640502929688
9,n0414981300000745.jpg,n04149813,n04149813,1,,787.4390869140625,,,,,,,741.2429809570312,,,,,915.7784423828125,,722.04541015625,,,852.9277954101562
9,n0414981300000799.jpg,n04149813,n02443484,0,,745.9746704101562,,,,,,,681.3108520507812,,,,,918.2461547851562,,775.3348388671875,,,826.7872314453125
9,n0198127600000616.jpg,n01981276,n01981276,1,,436.9375305175781,,,,,,,439.8124084472656,,,,,732.0574340820312,,757.9500732421875,,,654.9716186523438
9,n0198127600000674.jpg,n01981276,n01981276,1,,590.3018188476562,,,,,,,675.7775268554688,,,,,734.0745239257812,,835.754638671875,,,706.0541381835938
9,n0198127600001032.jpg,n01981276,n01981276,1,,624.2211303710938,,,,,,,781.3975830078125,,,,,801.2725830078125,,899.6608276367188,,,866.6714477539062
9,n0198127600001086.jpg,n01981276,n01981276,1,,613.2311401367188,,,,,,,680.253173828125,,,,,881.1351318359375,,855.4547729492188,,,816.5172729492188
9,n0198127600001111.jpg,n01981276,n01981276,1,,535.2725830078125,,,,,,,819.7283325195312,,,,,990.6243896484375,,957.9627075195312,,,925.8428955078125
9,n0377554600000570.jpg,n03775546,n03775546,1,,734.9290771484375,,,,,,,653.7242431640625,,,,,409.891845703125,,818.0833740234375,,,569.0293579101562
9,n0377554600000557.jpg,n03775546,n03775546,1,,813.5057983398438,,,,,,,754.3141479492188,,,,,445.275146484375,,866.7156982421875,,,657.3424682617188
9,n0377554600000217.jpg,n03775546,n03775546,1,,734.6506958007812,,,,,,,664.0584106445312,,,,,491.332763671875,,835.5376586914062,,,755.538818359375
9,n0377554600000180.jpg,n03775546,n03775546,1,,663.4349365234375,,,,,,,612.6107788085938,,,,,595.949951171875,,768.6954956054688,,,714.9287719726562
9,n0377554600000627.jpg,n03775546,n03775546,1,,850.373291015625,,,,,,,786.2166748046875,,,,,545.765625,,898.8312377929688,,,695.8939819335938
9,n0761348000000550.jpg,n07613480,n07613480,1,,726.4229736328125,,,,,,,629.4660034179688,,,,,752.455078125,,860.1636962890625,,,248.04063415527344
9,n0761348000000411.jpg,n07613480,n07613480,1,,731.9797973632812,,,,,,,671.2468872070312,,,,,703.62060546875,,826.57958984375,,,387.3421936035156
9,n0761348000000229.jpg,n07613480,n07613480,1,,695.3085327148438,,,,,,,626.2615966796875,,,,,577.9389038085938,,824.582275390625,,,415.5509948730469
9,n0761348000000936.jpg,n07613480,n07613480,1,,697.61376953125,,,,,,,698.9730224609375,,,,,923.656982421875,,873.2222290039062,,,544.6328735351562
9,n0761348000000470.jpg,n07613480,n07613480,1,,719.0758666992188,,,,,,,729.491455078125,,,,,778.0220947265625,,935.6734008789062,,,425.62042236328125
